CAT_DETAIL,Date,Category,Cat_CaseCount,Cat_Percent,CAT_DEATHCOUNT,CAT_DEATHPERCENT
White,2020-04-08,RACE,1140,0.261348005502063,,
Black or African American,2020-04-08,RACE,320,0.073360843649702,,
Asian,2020-04-08,RACE,32,0.0073360843649702,,
Other/Multiracial,2020-04-08,RACE,106,0.0243007794589638,,
Pending,2020-04-08,RACE,2764,0.633654287024301,,
Not Hispanic or Latino,2020-04-08,ETHNICITY,2349,0.538514442916094,,
Hispanic,2020-04-08,ETHNICITY,155,0.0355341586428244,,
Pending,2020-04-08,ETHNICITY,1858,0.425951398441082,,
Female,2020-04-08,SEX,2247,0.515130674002751,,
Male,2020-04-08,SEX,2028,0.491279069767442,,
Pending,2020-04-08,SEX,87,0.0314306358381503,,
White,2020-04-09,RACE,2013,0.434397928355632,,
Black or African American,2020-04-09,RACE,668,0.127773527161438,,
Asian,2020-04-09,RACE,51,0.00796750507733167,,
Other/Multiracial,2020-04-09,RACE,186,0.0392074198988196,,
Pending,2020-04-09,RACE,1716,0.196159122085048,,
Not Hispanic or Latino,2020-04-09,ETHNICITY,2607,0.562580923608114,,
Hispanic,2020-04-09,ETHNICITY,184,0.0397065170479068,,
Pending,2020-04-09,ETHNICITY,1843,0.397712559343979,,
Female,2020-04-09,SEX,2398,0.517479499352611,,
Male,2020-04-09,SEX,2155,0.465041001294778,,
Pending,2020-04-09,SEX,81,0.0174794993526111,,
White,2020-04-10,RACE,2305,0.474084738790621,,
Black or African American,2020-04-10,RACE,803,0.165158371040724,,
Asian,2020-04-10,RACE,61,0.0125462772521596,,
Other/Multiracial,2020-04-10,RACE,224,0.0460715754833402,,
Pending,2020-04-10,RACE,1469,0.302139037433155,,
Not Hispanic or Latino,2020-04-10,ETHNICITY,2806,0.577128753599342,,
Hispanic,2020-04-10,ETHNICITY,204,0.041958041958042,,
Pending,2020-04-10,ETHNICITY,1852,0.380913204442616,,
Female,2020-04-10,SEX,2514,0.517071164129988,,
Male,2020-04-10,SEX,2267,0.466269025092555,,
Pending,2020-04-10,SEX,81,0.0166598107774578,,
White,2020-04-11,RACE,2305,0.450723504106375,,
Black or African American,2020-04-11,RACE,801,0.156628861947595,,
Asian,2020-04-11,RACE,61,0.0119280406726633,,
Other/Multiracial,2020-04-11,RACE,224,0.0438013296832225,,
Pending,2020-04-11,RACE,1723,0.336918263590145,,
Not Hispanic or Latino,2020-04-11,ETHNICITY,2940,0.574892452092296,,
Hispanic,2020-04-11,ETHNICITY,225,0.0439968713335941,,
Pending,2020-04-11,ETHNICITY,1949,0.38111067657411,,
Female,2020-04-11,SEX,2651,0.518380915134924,,
Male,2020-04-11,SEX,2372,0.463824794681267,,
Pending,2020-04-11,SEX,91,0.0177942901838092,,
White,2020-04-12,RACE,2504,0.454199165608562,,
Black or African American,2020-04-12,RACE,922,0.167241066569926,,
Asian,2020-04-12,RACE,73,0.0132414293488119,,
Other/Multiracial,2020-04-12,RACE,266,0.0482495918737529,,
Pending,2020-04-12,RACE,1748,0.317068746598948,,
Not Hispanic or Latino,2020-04-12,ETHNICITY,3291,0.620007535795026,,
Hispanic,2020-04-12,ETHNICITY,269,0.0506782215523738,,
Pending,2020-04-12,ETHNICITY,1748,0.3293142426526,,
Female,2020-04-12,SEX,2740,0.516201959306707,,
Male,2020-04-12,SEX,2464,0.464204973624717,,
Pending,2020-04-12,SEX,104,0.0195930670685757,,
White,2020-04-13,RACE,2504,0.446345811051693,,
Black or African American,2020-04-13,RACE,919,0.163814616755793,,
Asian,2020-04-13,RACE,73,0.0130124777183601,,
Other/Multiracial,2020-04-13,RACE,266,0.0474153297682709,,
Pending,2020-04-13,RACE,1848,0.329411764705882,,
Not Hispanic or Latino,2020-04-13,ETHNICITY,3453,0.615508021390374,,
Hispanic,2020-04-13,ETHNICITY,283,0.050445632798574,,
Pending,2020-04-13,ETHNICITY,1874,0.334046345811052,,
Female,2020-04-13,SEX,2885,0.514260249554367,,
Male,2020-04-13,SEX,2589,0.461497326203209,,
Pending,2020-04-13,SEX,136,0.0242424242424242,,
White,2020-04-14,RACE,2861,0.491327494418685,,
Black or African American,2020-04-14,RACE,1143,0.19629057187017,,
Asian,2020-04-14,RACE,83,0.0142538210544393,,
Other/Multiracial,2020-04-14,RACE,358,0.0614803365962562,,
Pending,2020-04-14,RACE,1378,0.23664777606045,,
Not Hispanic or Latino,2020-04-14,ETHNICITY,3695,0.634552636098231,,
Hispanic,2020-04-14,ETHNICITY,312,0.0535806285419887,,
Pending,2020-04-14,ETHNICITY,1816,0.31186673535978,,
Female,2020-04-14,SEX,2993,0.513996221878757,,
Male,2020-04-14,SEX,2703,0.464193714580113,,
Pending,2020-04-14,SEX,127,0.02181006354113,,
White,2020-04-15,RACE,2972,0.4888962000329,,
Black or African American,2020-04-15,RACE,1218,0.200361901628557,,
Asian,2020-04-15,RACE,88,0.0144760651422931,,
Other/Multiracial,2020-04-15,RACE,350,0.0575752590886659,,
Pending,2020-04-15,RACE,1451,0.238690574107583,,
Not Hispanic or Latino,2020-04-15,ETHNICITY,3873,0.637111367001151,,
Hispanic,2020-04-15,ETHNICITY,346,0.0569172561276526,,
Pending,2020-04-15,ETHNICITY,1860,0.305971376871196,,
Female,2020-04-15,SEX,3109,0.511432801447606,,
Male,2020-04-15,SEX,2809,0.462082579371607,,
Pending,2020-04-15,SEX,161,0.0264846191807863,,
White,2020-04-16,RACE,3094,0.508965290343807,,
Black or African American,2020-04-16,RACE,1298,0.409722222222222,,
Asian,2020-04-16,RACE,104,0.0328282828282828,,
Other/Multiracial,2020-04-16,RACE,378,0.119318181818182,,
Pending,2020-04-16,RACE,1388,0.438131313131313,,
Not Hispanic or Latino,2020-04-16,ETHNICITY,4062,0.648674544873842,,
Hispanic,2020-04-16,ETHNICITY,384,0.0613222612583839,,
Pending,2020-04-16,ETHNICITY,1816,0.290003193867774,,
Female,2020-04-16,SEX,3209,0.512456084318109,,
Male,2020-04-16,SEX,2895,0.462312360268285,,
Pending,2020-04-16,SEX,158,0.0252315554136059,,
Other/ Multiracial,2020-04-17,RACE,397,0.0604037031415996,,
White,2020-04-17,RACE,3195,0.4848990742146,,
Black or African American,2020-04-17,RACE,1383,0.209895280012141,,
Asian,2020-04-17,RACE,114,0.017301563211413,,
Pending,2020-04-17,RACE,1500,0.227500379420246,,
Not Hispanic or Latino,2020-04-17,ETHNICITY,4222,0.640764911215662,,
Hispanic,2020-04-17,ETHNICITY,400,0.0607072393382911,,
Pending,2020-04-17,ETHNICITY,1967,0.298527849446046,,
Female,2020-04-17,SEX,3369,0.511306723326757,,
Male,2020-04-17,SEX,3050,0.46289269995447,,
Pending,2020-04-17,SEX,170,0.0258005767187737,,
Other/ Multiracial,2020-04-18,RACE,404,0.059746,,
White,2020-04-18,RACE,3282,0.485359,,
Black or African American,2020-04-18,RACE,1437,0.212511,,
Asian,2020-04-18,RACE,123,0.01819,,
Pending,2020-04-18,RACE,1516,0.224194,,
Not Hispanic or Latino,2020-04-18,ETHNICITY,4358,0.644484,,
Hispanic,2020-04-18,ETHNICITY,429,0.063443,,
Pending,2020-04-18,ETHNICITY,1975,0.292073,,
Female,2020-04-18,SEX,3442,0.509021,,
Male,2020-04-18,SEX,3126,0.462289,,
Pending,2020-04-18,SEX,194,0.02869,,
Other/ Multiracial,2020-04-19,RACE,419,0.0592644978783593,,
White,2020-04-19,RACE,3347,0.473408769448373,,
Black or African American,2020-04-19,RACE,1470,0.207920792079208,,
Asian,2020-04-19,RACE,130,0.0183875530410184,,
Pending,2020-04-19,RACE,1704,0.241018387553041,,
Not Hispanic or Latino,2020-04-19,ETHNICITY,4456,0.63026874115983,,
Hispanic,2020-04-19,ETHNICITY,441,0.0623762376237624,,
Pending,2020-04-19,ETHNICITY,2173,0.307355021216407,,
Female,2020-04-19,SEX,3586,0.507213578500707,,
Male,2020-04-19,SEX,3258,0.460820367751061,,
Pending,2020-04-19,SEX,226,0.031966053748232,,
Other/ Multiracial,2020-04-20,RACE,432,0.0596849958552086,,
White,2020-04-20,RACE,3406,0.470571981210279,,
Black or African American,2020-04-20,RACE,1512,0.20889748549323,,
Asian,2020-04-20,RACE,138,0.0190660403426361,,
Pending,2020-04-20,RACE,1750,0.241779497098646,,
Not Hispanic or Latino,2020-04-20,ETHNICITY,4548,0.628350373031224,,
Hispanic,2020-04-20,ETHNICITY,467,0.0645205857971815,,
Pending,2020-04-20,ETHNICITY,2223,0.307129041171594,,
Female,2020-04-20,SEX,3644,0.503453992815695,,
Male,2020-04-20,SEX,3364,0.464769273279912,,
Pending,2020-04-20,SEX,230,0.0317767339043935,,
Other/ Multiracial,2020-04-21,RACE,456,0.0616716256424128,,
White,2020-04-21,RACE,3535,0.478090343521774,,
Black or African American,2020-04-21,RACE,1582,0.213957262645388,,
Asian,2020-04-21,RACE,151,0.0204219637543955,,
Pending,2020-04-21,RACE,1670,0.225858804436029,,
Not Hispanic or Latino,2020-04-21,ETHNICITY,4732,0.639978360833108,,
Hispanic,2020-04-21,ETHNICITY,527,0.0712740059507709,,
Pending,2020-04-21,ETHNICITY,2135,0.288747633216121,,
Female,2020-04-21,SEX,3729,0.504327833378415,,
Male,2020-04-21,SEX,3454,0.467135515282662,,
Pending,2020-04-21,SEX,211,0.0285366513389235,,
Other/ Multiracial,2020-04-22,RACE,489,0.0624840601887274,,
White,2020-04-22,RACE,3637,0.463784748788574,,
Black or African American,2020-04-22,RACE,1620,0.206579954093344,,
Asian,2020-04-22,RACE,168,0.0214231063504208,,
Pending,2020-04-22,RACE,1928,0.245728130578934,,
Not Hispanic or Latino,2020-04-22,ETHNICITY,4874,0.621525121142566,,
Hispanic,2020-04-22,ETHNICITY,580,0.0739607243050242,,
Pending,2020-04-22,ETHNICITY,2388,0.30451415455241,,
Female,2020-04-22,SEX,3880,0.494771741902576,,
Male,2020-04-22,SEX,3696,0.471308339709258,,
Pending,2020-04-22,SEX,266,0.0339199183881663,,
White,2020-04-23,RACE,3718,0.449794338253085,,
Black or African American,2020-04-23,RACE,1669,0.201911444471328,,
Asian,2020-04-23,RACE,176,0.0212920396806194,,
Other/Multiracial,2020-04-23,RACE,515,0.0623034115654488,,
Pending,2020-04-23,RACE,2188,0.264698766029519,,
Not Hispanic or Latino,2020-04-23,ETHNICITY,4996,0.604403580933946,,
Hispanic,2020-04-23,ETHNICITY,622,0.0752480038712799,,
Pending,2020-04-23,ETHNICITY,2648,0.320348415194774,,
Female,2020-04-23,SEX,3950,0.477861117832083,,
Male,2020-04-23,SEX,4055,0.490563755141544,,
Pending,2020-04-23,SEX,261,0.0315751270263731,,
White,2020-04-24,RACE,3803,0.43582397432959,,
Black or African American,2020-04-24,RACE,1705,0.195393078157231,,
Asian,2020-04-24,RACE,183,0.0209718083887234,,
Other/Multiracial,2020-04-24,RACE,531,0.0608526243410497,,
Pending,2020-04-24,RACE,2504,0.286958514783406,,
Not Hispanic or Latino,2020-04-24,ETHNICITY,5129,0.587783635113454,,
Hispanic,2020-04-24,ETHNICITY,652,0.074719229887692,,
Pending,2020-04-24,ETHNICITY,2945,0.337497134998854,,
Female,2020-04-24,SEX,4059,0.465161586064634,,
Male,2020-04-24,SEX,4412,0.505615402246161,,
Pending,2020-04-24,SEX,255,0.0292230116892047,,
White,2020-04-25,RACE,3912,0.425726,,
Black or African American,2020-04-25,RACE,1773,0.192948,,
Asian,2020-04-25,RACE,189,0.020568,,
Other/Multiracial,2020-04-25,RACE,564,0.061378,,
Pending,2020-04-25,RACE,2751,0.29938,,
Not Hispanic or Latino,2020-04-25,ETHNICITY,5288,0.575471,,
Hispanic,2020-04-25,ETHNICITY,701,0.076287,,
Pending,2020-04-25,ETHNICITY,3200,0.348242,,
Female,2020-04-25,SEX,4272,0.464904,,
Male,2020-04-25,SEX,4633,0.50419,,
Pending,2020-04-25,SEX,284,0.030907,,
White,2020-04-26,RACE,4028,0.416675287059067,,
Black or African American,2020-04-26,RACE,1930,0.199648287990069,,
Asian,2020-04-26,RACE,193,0.0199648287990069,,
Other/Multiracial,2020-04-26,RACE,588,0.0608254887762491,,
Pending,2020-04-26,RACE,2928,0.302886107375608,,
Not Hispanic or Latino,2020-04-26,ETHNICITY,5513,0.570290679631737,,
Hispanic,2020-04-26,ETHNICITY,731,0.0756180821350988,,
Pending,2020-04-26,ETHNICITY,3423,0.354091238233164,,
Female,2020-04-26,SEX,4436,0.45888072825075,,
Male,2020-04-26,SEX,4928,0.509775524981897,,
Pending,2020-04-26,SEX,303,0.0313437467673528,,
White,2020-04-27,RACE,4108,0.414196410566647,,
Black or African American,2020-04-27,RACE,1983,0.199939503932244,,
Asian,2020-04-27,RACE,203,0.0204678362573099,,
Other/Multiracial,2020-04-27,RACE,609,0.0614035087719298,,
Pending,2020-04-27,RACE,3015,0.303992740471869,,
Not Hispanic or Latino,2020-04-27,ETHNICITY,5661,0.570780399274047,,
Hispanic,2020-04-27,ETHNICITY,754,0.0760233918128655,,
Pending,2020-04-27,ETHNICITY,3503,0.353196208913087,,
Female,2020-04-27,SEX,4568,0.46057672917927,,
Male,2020-04-27,SEX,5033,0.507461181689857,,
Pending,2020-04-27,SEX,317,0.0319620891308732,,
White,2020-04-28,RACE,4257,0.42349781138082,,
Black or African American,2020-04-28,RACE,2059,0.20483485873458,,
Asian,2020-04-28,RACE,223,0.0221846398726622,,
Other/Multiracial,2020-04-28,RACE,645,0.0641663350577,,
Pending,2020-04-28,RACE,2868,0.285316354954238,,
Not Hispanic or Latino,2020-04-28,ETHNICITY,5904,0.587345801830481,,
Hispanic,2020-04-28,ETHNICITY,830,0.0825706327099085,,
Pending,2020-04-28,ETHNICITY,3318,0.33008356545961,,
Female,2020-04-28,SEX,4639,0.46150019896538,,
Male,2020-04-28,SEX,5119,0.50925189017111,,
Pending,2020-04-28,SEX,294,0.0292479108635097,,
White,2020-04-29,RACE,4427,0.427069264904495,,
Black or African American,2020-04-29,RACE,2154,0.207794713486398,,
Asian,2020-04-29,RACE,239,0.0230561450897164,,
Other/Multiracial,2020-04-29,RACE,688,0.0663708277059618,,
Pending,2020-04-29,RACE,2858,0.275709048813429,,
Not Hispanic or Latino,2020-04-29,ETHNICITY,6153,0.593575149527301,,
Hispanic,2020-04-29,ETHNICITY,899,0.0867258344588076,,
Pending,2020-04-29,ETHNICITY,3314,0.319699016013892,,
Female,2020-04-29,SEX,4763,0.459482924946942,,
Male,2020-04-29,SEX,5318,0.513023345552769,,
Pending,2020-04-29,SEX,285,0.0274937295002894,,
White,2020-04-30,RACE,4597,0.428225430833721,,
Black or African American,2020-04-30,RACE,2233,0.208011178388449,,
Asian,2020-04-30,RACE,259,0.024126688402422,,
Other/Multiracial,2020-04-30,RACE,719,0.0669771774569166,,
Pending,2020-04-30,RACE,2927,0.272659524918491,,
Not Hispanic or Latino,2020-04-30,ETHNICITY,6390,0.595249184909176,,
Hispanic,2020-04-30,ETHNICITY,977,0.0910107126222636,,
Pending,2020-04-30,ETHNICITY,3368,0.313740102468561,,
Female,2020-04-30,SEX,4916,0.457941313460643,,
Male,2020-04-30,SEX,5508,0.513088029809036,,
Pending,2020-04-30,SEX,311,0.0289706567303214,,
White,2020-05-01,RACE,4937,0.415187957278614,,
Black or African American,2020-05-01,RACE,2447,0.205785888487091,,
Asian,2020-05-01,RACE,274,0.0230426372887057,,
Other/Multiracial,2020-05-01,RACE,761,0.0639979816668068,,
Pending,2020-05-01,RACE,3472,0.291985535278782,,
Not Hispanic or Latino,2020-05-01,ETHNICITY,6603,0.555293919771256,,
Hispanic,2020-05-01,ETHNICITY,1066,0.0896476326633588,,
Pending,2020-05-01,ETHNICITY,4222,0.355058447565386,,
Female,2020-05-01,SEX,5047,0.424438651080649,,
Male,2020-05-01,SEX,6104,0.513329408796569,,
Pending,2020-05-01,SEX,740,0.0622319401227819,,
White,2020-05-02,RACE,5129,0.405102282600111,,
Black or African American,2020-05-02,RACE,2578,0.203617407787694,,
Asian,2020-05-02,RACE,294,0.0232209146196983,,
Other/Multiracial,2020-05-02,RACE,799,0.0631071795276834,,
Pending,2020-05-02,RACE,3861,0.304952215464813,,
Not Hispanic or Latino,2020-05-02,ETHNICITY,6782,0.535660690308822,,
Hispanic,2020-05-02,ETHNICITY,1131,0.0893294368533291,,
Pending,2020-05-02,ETHNICITY,4748,0.375009872837849,,
Female,2020-05-02,SEX,5271,0.416317826396019,,
Male,2020-05-02,SEX,6584,0.520022115156781,,
Pending,2020-05-02,SEX,806,0.0636600584472001,,
White,2020-05-03,RACE,5227,0.396676026409653,,
Black or African American,2020-05-03,RACE,2630,0.199590195036807,,
Asian,2020-05-03,RACE,295,0.0223874933596418,,
Other/Multiracial,2020-05-03,RACE,840,0.06374743871898,,
Pending,2020-05-03,RACE,4185,0.317598846474918,,
Not Hispanic or Latino,2020-05-03,ETHNICITY,6917,0.524929801927601,,
Hispanic,2020-05-03,ETHNICITY,1184,0.0898535326705623,,
Pending,2020-05-03,ETHNICITY,5076,0.385216665401837,,
Female,2020-05-03,SEX,5473,0.415344919177354,,
Male,2020-05-03,SEX,6885,0.52250132807164,,
Pending,2020-05-03,SEX,819,0.0621537527510055,,
White,2020-05-04,RACE,5358,0.39481246776214,,
Black or African American,2020-05-04,RACE,2670,0.196743055043843,,
Asian,2020-05-04,RACE,297,0.0218849016284725,,
Other/Multiracial,2020-05-04,RACE,876,0.0645494068233734,,
Pending,2020-05-04,RACE,4370,0.322010168742171,,
Not Hispanic or Latino,2020-05-04,ETHNICITY,7076,0.52140593913492,,
Hispanic,2020-05-04,ETHNICITY,1217,0.0896765161005084,,
Pending,2020-05-04,ETHNICITY,5278,0.388917544764572,,
Female,2020-05-04,SEX,5689,0.419202711664579,,
Male,2020-05-04,SEX,7063,0.520448014147815,,
Pending,2020-05-04,SEX,819,0.0603492741876059,,
White,2020-05-05,RACE,5507,0.402264426588751,,
Black or African American,2020-05-05,RACE,2770,0.202337472607743,,
Asian,2020-05-05,RACE,311,0.0227173119065011,,
Other/Multiracial,2020-05-05,RACE,906,0.0661796932067202,,
Pending,2020-05-05,RACE,4196,0.306501095690285,,
Not Hispanic or Latino,2020-05-05,ETHNICITY,7268,0.530898466033601,,
Hispanic,2020-05-05,ETHNICITY,1299,0.0948867786705625,,
Pending,2020-05-05,ETHNICITY,5123,0.374214755295836,,
Female,2020-05-05,SEX,5751,0.42008765522279,,
Male,2020-05-05,SEX,7138,0.521402483564646,,
Pending,2020-05-05,SEX,801,0.0585098612125639,,
White,2020-05-06,RACE,5575,0.399985650738987,,
Black or African American,2020-05-06,RACE,2854,0.204763954656335,,
Asian,2020-05-06,RACE,320,0.0229588176208925,,
Other/Multiracial,2020-05-06,RACE,937,0.0672262878461759,,
Pending,2020-05-06,RACE,4252,0.305065289137609,,
Not Hispanic or Latino,2020-05-06,ETHNICITY,7386,0.529918209212226,,
Hispanic,2020-05-06,ETHNICITY,1369,0.0982206916343808,,
Pending,2020-05-06,ETHNICITY,5183,0.371861099153394,,
Female,2020-05-06,SEX,5857,0.420218108767398,,
Male,2020-05-06,SEX,7286,0.522743578705697,,
Pending,2020-05-06,SEX,795,0.0570383125269049,,
White,2020-05-07,RACE,5700,0.404370034052213,,
Black or African American,2020-05-07,RACE,2913,0.206654370034052,,
Asian,2020-05-07,RACE,326,0.0231271282633371,,
Other/Multiracial,2020-05-07,RACE,979,0.0694523269012486,,
Pending,2020-05-07,RACE,4178,0.296396140749149,,
Not Hispanic or Latino,2020-05-07,ETHNICITY,7507,0.532562429057889,,
Hispanic,2020-05-07,ETHNICITY,1488,0.105561861520999,,
Pending,2020-05-07,ETHNICITY,5101,0.361875709421112,,
Female,2020-05-07,SEX,5952,0.422247446083995,,
Male,2020-05-07,SEX,7360,0.522133938706016,,
Pending,2020-05-07,SEX,784,0.0556186152099886,,
White,2020-05-08,RACE,5859,0.405719825496849,,
Black or African American,2020-05-08,RACE,2994,0.207326362440274,,
Asian,2020-05-08,RACE,334,0.023128592202756,,
Other/Multiracial,2020-05-08,RACE,1022,0.0707707222491517,,
Pending,2020-05-08,RACE,4232,0.293054497610969,,
Not Hispanic or Latino,2020-05-08,ETHNICITY,7688,0.532373104355654,,
Hispanic,2020-05-08,ETHNICITY,1599,0.110726403988643,,
Pending,2020-05-08,ETHNICITY,5154,0.356900491655703,,
Female,2020-05-08,SEX,6089,0.421646700367011,,
Male,2020-05-08,SEX,7573,0.524409666920573,,
Pending,2020-05-08,SEX,779,0.053943632712416,,
White,2020-05-09,RACE,5968,0.404117009750813,,
Black or African American,2020-05-09,RACE,3043,0.206053629469122,,
Asian,2020-05-09,RACE,341,0.023090465872156,,
Other/Multiracial,2020-05-09,RACE,1047,0.0708965330444204,,
Pending,2020-05-09,RACE,4369,0.295842361863489,,
Not Hispanic or Latino,2020-05-09,ETHNICITY,7780,0.526814734561213,,
Hispanic,2020-05-09,ETHNICITY,1687,0.114233477789816,,
Pending,2020-05-09,ETHNICITY,5301,0.358951787648971,,
Female,2020-05-09,SEX,6224,0.421451787648971,,
Male,2020-05-09,SEX,7735,0.523767605633803,,
Pending,2020-05-09,SEX,809,0.0547806067172264,,
White,2020-05-10,RACE,6016,0.401468134801468,,
Black or African American,2020-05-10,RACE,3087,0.206006006006006,,
Asian,2020-05-10,RACE,342,0.0228228228228228,,
Other/Multiracial,2020-05-10,RACE,1062,0.0708708708708709,,
Pending,2020-05-10,RACE,4478,0.298832165498832,,
Not Hispanic or Latino,2020-05-10,ETHNICITY,7843,0.52339005672339,,
Hispanic,2020-05-10,ETHNICITY,1715,0.114447781114448,,
Pending,2020-05-10,ETHNICITY,5427,0.362162162162162,,
Female,2020-05-10,SEX,6299,0.420353687020354,,
Male,2020-05-10,SEX,7851,0.523923923923924,,
Pending,2020-05-10,SEX,835,0.0557223890557224,,
White,2020-05-11,RACE,6137,0.394814719505919,,
Black or African American,2020-05-11,RACE,3178,0.204451878538343,,
Asian,2020-05-11,RACE,342,0.0220020586721565,,
Other/Multiracial,2020-05-11,RACE,1085,0.0698018528049408,,
Pending,2020-05-11,RACE,4802,0.308929490478641,,
Not Hispanic or Latino,2020-05-11,ETHNICITY,7973,0.512931034482759,,
Hispanic,2020-05-11,ETHNICITY,1779,0.114449305198147,,
Pending,2020-05-11,ETHNICITY,5792,0.372619660319094,,
Female,2020-05-11,SEX,6456,0.41533710756562,,
Male,2020-05-11,SEX,8237,0.529915079773546,,
Pending,2020-05-11,SEX,851,0.0547478126608338,,
White,2020-05-12,RACE,6402,0.397368257712122,,
Black or African American,2020-05-12,RACE,3396,0.210787660604556,,
Asian,2020-05-12,RACE,345,0.0214139407857985,,
Other/Multiracial,2020-05-12,RACE,1144,0.0710694556514183,,
Pending,2020-05-12,RACE,4823,0.299360685246105,,
Not Hispanic or Latino,2020-05-12,ETHNICITY,8134,0.504872447396189,,
Hispanic,2020-05-12,ETHNICITY,1924,0.119483582645398,,
Pending,2020-05-12,ETHNICITY,6052,0.375643969958413,,
Female,2020-05-12,SEX,6606,0.410030414002855,,
Male,2020-05-12,SEX,8644,0.536589907516604,,
Pending,2020-05-12,SEX,860,0.0533796784805412,,
White,2020-05-13,RACE,6611,0.403848503359805,,
Black or African American,2020-05-13,RACE,3518,0.214905314599878,,
Asian,2020-05-13,RACE,348,0.0212583995113012,,
Other/Multiracial,2020-05-13,RACE,1215,0.0742211362248015,,
Pending,2020-05-13,RACE,4678,0.285766646304215,,
Not Hispanic or Latino,2020-05-13,ETHNICITY,8330,0.508857666463042,,
Hispanic,2020-05-13,ETHNICITY,2063,0.126023213194869,,
Pending,2020-05-13,ETHNICITY,5977,0.365119120342089,,
Female,2020-05-13,SEX,6697,0.409102015882712,,
Male,2020-05-13,SEX,8815,0.538485033598045,,
Pending,2020-05-13,SEX,858,0.0524129505192425,,
White,2020-05-14,RACE,6767,0.405233846338104,,
Black or African American,2020-05-14,RACE,3572,0.213905024252949,,
Asian,2020-05-14,RACE,353,0.0211389903587041,,
Other/Multiracial,2020-05-14,RACE,1292,0.0773699023893646,,
Pending,2020-05-14,RACE,4715,0.282352236660878,,
Not Hispanic or Latino,2020-05-14,ETHNICITY,8468,0.507096233307384,,
Hispanic,2020-05-14,ETHNICITY,2222,0.133061859991616,,
Pending,2020-05-14,ETHNICITY,6009,0.359841906701,,
Female,2020-05-14,SEX,6832,0.409126294987724,,
Male,2020-05-14,SEX,9015,0.539852685789568,,
Pending,2020-05-14,SEX,852,0.0510210192227079,,
White,2020-05-15,RACE,6849,0.403594578668238,,
Black or African American,2020-05-15,RACE,3609,0.21266941661756,,
Asian,2020-05-15,RACE,357,0.0210371243370654,,
Other/Multiracial,2020-05-15,RACE,1398,0.0823806717737183,,
Pending,2020-05-15,RACE,4757,0.280318208603418,,
Not Hispanic or Latino,2020-05-15,ETHNICITY,8553,0.504007071302298,,
Hispanic,2020-05-15,ETHNICITY,2325,0.137006482027107,,
Pending,2020-05-15,ETHNICITY,6092,0.358986446670595,,
Female,2020-05-15,SEX,6938,0.408839127872717,,
Male,2020-05-15,SEX,9128,0.537890394814378,,
Pending,2020-05-15,SEX,904,0.0532704773129051,,
White,2020-05-16,RACE,6991,0.404384544192503,,
Black or African American,2020-05-16,RACE,3663,0.211881073577048,,
Asian,2020-05-16,RACE,362,0.0209393799167052,,
Other/Multiracial,2020-05-16,RACE,1458,0.0843359555761222,,
Pending,2020-05-16,RACE,4814,0.278459046737621,,
Not Hispanic or Latino,2020-05-16,ETHNICITY,8657,0.500751966682092,,
Hispanic,2020-05-16,ETHNICITY,2445,0.141427579824155,,
Pending,2020-05-16,ETHNICITY,6186,0.357820453493753,,
Female,2020-05-16,SEX,7089,0.410053216103656,,
Male,2020-05-16,SEX,9292,0.537482646922721,,
Pending,2020-05-16,SEX,907,0.0524641369736233,,
White,2020-05-17,RACE,7045,0.405164481251438,,
Black or African American,2020-05-17,RACE,3687,0.212042788129745,,
Asian,2020-05-17,RACE,364,0.0209339774557166,,
Other/Multiracial,2020-05-17,RACE,1497,0.0860938578329883,,
Pending,2020-05-17,RACE,4795,0.275764895330113,,
Not Hispanic or Latino,2020-05-17,ETHNICITY,8732,0.502185415228893,,
Hispanic,2020-05-17,ETHNICITY,2498,0.143662295836209,,
Pending,2020-05-17,ETHNICITY,6158,0.354152288934898,,
Female,2020-05-17,SEX,7147,0.411030595813205,,
Male,2020-05-17,SEX,9340,0.537152058891189,,
Pending,2020-05-17,SEX,901,0.0518173452956062,,
White,2020-05-18,RACE,7099,0.394148020654045,,
Black or African American,2020-05-18,RACE,3747,0.208039531397479,,
Asian,2020-05-18,RACE,366,0.0203209149963911,,
Other/Multiracial,2020-05-18,RACE,1543,0.0856698684137472,,
Pending,2020-05-18,RACE,5256,0.291821664538338,,
Not Hispanic or Latino,2020-05-18,ETHNICITY,8829,0.49020043306868,,
Hispanic,2020-05-18,ETHNICITY,2569,0.14263505635445,,
Pending,2020-05-18,ETHNICITY,6613,0.36716451057687,,
Female,2020-05-18,SEX,7414,0.411637332741103,,
Male,2020-05-18,SEX,9680,0.537449336516573,,
Pending,2020-05-18,SEX,917,0.0509133307423241,,
White,2020-05-19,RACE,7258,0.394928719120688,,
Black or African American,2020-05-19,RACE,3810,0.207313091740124,,
Asian,2020-05-19,RACE,368,0.0200239416693873,,
Other/Multiracial,2020-05-19,RACE,1650,0.0897812602024159,,
Pending,2020-05-19,RACE,5292,0.287952987267385,,
Not Hispanic or Latino,2020-05-19,ETHNICITY,8982,0.48873653281097,,
Hispanic,2020-05-19,ETHNICITY,2767,0.150560452715203,,
Pending,2020-05-19,ETHNICITY,6629,0.360703014473827,,
Female,2020-05-19,SEX,7597,0.413374687125911,,
Male,2020-05-19,SEX,9873,0.537218413320274,,
Pending,2020-05-19,SEX,908,0.0494068995538143,,
White,2020-05-20,RACE,7386,0.398553852795165,,
Black or African American,2020-05-20,RACE,3866,0.208612130369091,,
Asian,2020-05-20,RACE,375,0.0202352687243687,,
Other/Multiracial,2020-05-20,RACE,1718,0.0927045111159076,,
Pending,2020-05-20,RACE,5187,0.279894236995467,,
Not Hispanic or Latino,2020-05-20,ETHNICITY,9111,0.491636088927261,,
Hispanic,2020-05-20,ETHNICITY,2933,0.158266781782862,,
Pending,2020-05-20,ETHNICITY,6488,0.350097129289877,,
Female,2020-05-20,SEX,7665,0.413608892726095,,
Male,2020-05-20,SEX,9986,0.538851715950788,,
Pending,2020-05-20,SEX,881,0.0475393913231168,,
White,2020-05-21,RACE,7618,0.401772058435736,,
Black or African American,2020-05-21,RACE,3932,0.207373028848689,,
Asian,2020-05-21,RACE,381,0.0200938769052265,,
Other/Multiracial,2020-05-21,RACE,1770,0.0933495068825484,,
Pending,2020-05-21,RACE,5260,0.277411528927799,,
Not Hispanic or Latino,2020-05-21,ETHNICITY,9346,0.492906492273614,,
Hispanic,2020-05-21,ETHNICITY,3124,0.164759242655978,,
Pending,2020-05-21,ETHNICITY,6491,0.342334265070408,,
Female,2020-05-21,SEX,7779,0.410263171773641,,
Male,2020-05-21,SEX,10378,0.547334001371236,,
Pending,2020-05-21,SEX,804,0.0424028268551237,,
White,2020-05-22,RACE,7796,0.401979993812519,,
Black or African American,2020-05-22,RACE,4006,0.20655872950397,,
Asian,2020-05-22,RACE,384,0.0197999381251934,,
Other/Multiracial,2020-05-22,RACE,1854,0.0955965762606992,,
Pending,2020-05-22,RACE,5354,0.276064762297618,,
Not Hispanic or Latino,2020-05-22,ETHNICITY,9586,0.494276580385686,,
Hispanic,2020-05-22,ETHNICITY,3324,0.171393214396205,,
Pending,2020-05-22,ETHNICITY,6484,0.334330205218109,,
Female,2020-05-22,SEX,7987,0.411828400536248,,
Male,2020-05-22,SEX,10627,0.547952975146953,,
Pending,2020-05-22,SEX,780,0.040218624316799,,
White,2020-05-23,RACE,7933,0.400879276365658,,
Black or African American,2020-05-23,RACE,4075,0.205922482187074,,
Asian,2020-05-23,RACE,385,0.0194552529182879,,
Other/Multiracial,2020-05-23,RACE,1954,0.0987417252008692,,
Pending,2020-05-23,RACE,5442,0.275001263328112,,
Not Hispanic or Latino,2020-05-23,ETHNICITY,9898,0.500176865935621,,
Hispanic,2020-05-23,ETHNICITY,3470,0.175349941886907,,
Pending,2020-05-23,ETHNICITY,6421,0.324473192177472,,
Female,2020-05-23,SEX,8188,0.413765223103745,,
Male,2020-05-23,SEX,10823,0.546920006063975,,
Pending,2020-05-23,SEX,778,0.0393147708322806,,
White,2020-05-24,RACE,8040,0.399106478034252,,
Black or African American,2020-05-24,RACE,4139,0.205460412012906,,
Asian,2020-05-24,RACE,387,0.019210722263589,,
Other/Multiracial,2020-05-24,RACE,2002,0.099379498634897,,
Pending,2020-05-24,RACE,5577,0.276842889054356,,
Not Hispanic or Latino,2020-05-24,ETHNICITY,10011,0.496947133283693,,
Hispanic,2020-05-24,ETHNICITY,3578,0.177612310747084,,
Pending,2020-05-24,ETHNICITY,6556,0.325440555969223,,
Female,2020-05-24,SEX,8363,0.415140233308513,,
Male,2020-05-24,SEX,11004,0.546239761727476,,
Pending,2020-05-24,SEX,778,0.0386200049640109,,
White,2020-05-25,RACE,8135,0.394768767894405,,
Black or African American,2020-05-25,RACE,4203,0.203959819478818,,
Asian,2020-05-25,RACE,390,0.0189256078031737,,
Other/Multiracial,2020-05-25,RACE,2066,0.100257194157325,,
Pending,2020-05-25,RACE,5813,0.282088610666278,,
Not Hispanic or Latino,2020-05-25,ETHNICITY,10117,0.490949677294123,,
Hispanic,2020-05-25,ETHNICITY,3706,0.179841801329645,,
Pending,2020-05-25,ETHNICITY,6784,0.329208521376231,,
Female,2020-05-25,SEX,8567,0.415732518076382,,
Male,2020-05-25,SEX,11256,0.54622215751929,,
Pending,2020-05-25,SEX,784,0.0380453244043286,,
White,2020-05-26,RACE,8273,0.394610064393036,,
Black or African American,2020-05-26,RACE,4266,0.203481993799189,,
Asian,2020-05-26,RACE,394,0.0187932268065824,,
Other/Multiracial,2020-05-26,RACE,2172,0.103601240162175,,
Pending,2020-05-26,RACE,5860,0.279513474839017,,
Not Hispanic or Latino,2020-05-26,ETHNICITY,10265,0.489625566420224,,
Hispanic,2020-05-26,ETHNICITY,3851,0.183687097543525,,
Pending,2020-05-26,ETHNICITY,6849,0.326687336036251,,
Female,2020-05-26,SEX,8721,0.415979012640114,,
Male,2020-05-26,SEX,11445,0.545909849749583,,
Pending,2020-05-26,SEX,799,0.0381111376103029,,
White,2020-05-27,RACE,8465,0.397305923214118,,
Black or African American,2020-05-27,RACE,4383,0.205716699521262,,
Asian,2020-05-27,RACE,397,0.0186332488500892,,
Other/Multiracial,2020-05-27,RACE,2316,0.108701774148127,,
Pending,2020-05-27,RACE,5745,0.269642354266404,,
Not Hispanic or Latino,2020-05-27,ETHNICITY,10507,0.493147470196189,,
Hispanic,2020-05-27,ETHNICITY,4118,0.193278888575988,,
Pending,2020-05-27,ETHNICITY,6681,0.313573641227823,,
Female,2020-05-27,SEX,8889,0.417206420726556,,
Male,2020-05-27,SEX,11613,0.54505773021684,,
Pending,2020-05-27,SEX,804,0.0377358490566038,,
White,2020-05-28,RACE,8696,0.401125513169427,,
Black or African American,2020-05-28,RACE,4460,0.205729046542737,,
Asian,2020-05-28,RACE,402,0.0185432907421929,,
Other/Multiracial,2020-05-28,RACE,2469,0.11388901702108,,
Pending,2020-05-28,RACE,5652,0.260713132524563,,
Not Hispanic or Latino,2020-05-28,ETHNICITY,10733,0.495087411780986,,
Hispanic,2020-05-28,ETHNICITY,4316,0.199086673739564,,
Pending,2020-05-28,ETHNICITY,6630,0.30582591447945,,
Female,2020-05-28,SEX,9070,0.418377231422114,,
Male,2020-05-28,SEX,11834,0.545873887171918,,
Pending,2020-05-28,SEX,775,0.0357488814059689,,
White,2020-05-29,RACE,8908,0.403350690513923,,
Black or African American,2020-05-29,RACE,4511,0.204256282544714,,
Asian,2020-05-29,RACE,406,0.0183835182250396,,
Other/Multiracial,2020-05-29,RACE,2565,0.116142177948834,,
Pending,2020-05-29,RACE,5695,0.257867330767489,,
Not Hispanic or Latino,2020-05-29,ETHNICITY,10894,0.493275979171383,,
Hispanic,2020-05-29,ETHNICITY,4516,0.204482680552411,,
Pending,2020-05-29,ETHNICITY,6675,0.302241340276206,,
Female,2020-05-29,SEX,9267,0.419606067466606,,
Male,2020-05-29,SEX,12044,0.545347520941816,,
Pending,2020-05-29,SEX,774,0.035046411591578,,
White,2020-05-30,RACE,9822,0.435256580696623,,
Black or African American,2020-05-30,RACE,5124,0.22706726934326,,
Asian,2020-05-30,RACE,410,0.0181689267038908,,
Other/Multiracial,2020-05-30,RACE,2713,0.120225117433307,,
Pending,2020-05-30,RACE,4497,0.199282105822919,,
Not Hispanic or Latino,2020-05-30,ETHNICITY,11130,0.493219888327572,,
Hispanic,2020-05-30,ETHNICITY,4798,0.212620756890898,,
Pending,2020-05-30,ETHNICITY,6638,0.29415935478153,,
Female,2020-05-30,SEX,9508,0.421341841708765,,
Male,2020-05-30,SEX,12280,0.544181512009217,,
Pending,2020-05-30,SEX,778,0.0344766462820172,,
White,2020-05-31,RACE,9934,0.431800399895679,,
Black or African American,2020-05-31,RACE,5202,0.226114926540902,,
Asian,2020-05-31,RACE,411,0.0178649048074415,,
Other/Multiracial,2020-05-31,RACE,2799,0.121663913761627,,
Pending,2020-05-31,RACE,4660,0.202555854994349,,
Not Hispanic or Latino,2020-05-31,ETHNICITY,11275,0.490089541858646,,
Hispanic,2020-05-31,ETHNICITY,4930,0.214291923845953,,
Pending,2020-05-31,ETHNICITY,6801,0.295618534295401,,
Female,2020-05-31,SEX,9717,0.422368077892724,,
Male,2020-05-31,SEX,12507,0.543640789359298,,
Pending,2020-05-31,SEX,782,0.0339911327479788,,
White,2020-06-01,RACE,10114,0.429396280886474,,
Black or African American,2020-06-01,RACE,5265,0.22352891228666,,
Asian,2020-06-01,RACE,413,0.0175341767852594,,
Other/Multiracial,2020-06-01,RACE,2866,0.12167784665025,,
Pending,2020-06-01,RACE,4896,0.207862783391356,,
Not Hispanic or Latino,2020-06-01,ETHNICITY,11446,0.485947185191475,,
Hispanic,2020-06-01,ETHNICITY,5144,0.218391780589284,,
Pending,2020-06-01,ETHNICITY,6964,0.295661034219241,,
Female,2020-06-01,SEX,9959,0.422815657637769,,
Male,2020-06-01,SEX,12812,0.543941581047805,,
Pending,2020-06-01,SEX,783,0.0332427613144264,,
White,2020-06-02,RACE,10340,0.424205128205128,,
Black or African American,2020-06-02,RACE,5378,0.220635897435897,,
Asian,2020-06-02,RACE,417,0.0171076923076923,,
Other/Multiracial,2020-06-02,RACE,3345,0.137230769230769,,
Pending,2020-06-02,RACE,4895,0.200820512820513,,
Not Hispanic or Latino,2020-06-02,ETHNICITY,11668,0.478687179487179,,
Hispanic,2020-06-02,ETHNICITY,5368,0.220225641025641,,
Pending,2020-06-02,ETHNICITY,7339,0.30108717948718,,
Female,2020-06-02,SEX,10175,0.417435897435897,,
Male,2020-06-02,SEX,13119,0.538215384615385,,
Pending,2020-06-02,SEX,1081,0.0443487179487179,,
White,2020-06-03,RACE,10589,0.426597373297881,,
Black or African American,2020-06-03,RACE,5472,0.220449601160261,,
Asian,2020-06-03,RACE,423,0.0170413343002176,,
Other/Multiracial,2020-06-03,RACE,3546,0.142857142857143,,
Pending,2020-06-03,RACE,4792,0.193054548384498,,
Not Hispanic or Latino,2020-06-03,ETHNICITY,11937,0.4809040367416,,
Hispanic,2020-06-03,ETHNICITY,5613,0.226130045927,,
Pending,2020-06-03,ETHNICITY,7272,0.2929659173314,,
Female,2020-06-03,SEX,10369,0.417734267988075,,
Male,2020-06-03,SEX,13448,0.541777455483039,,
Pending,2020-06-03,SEX,1005,0.0404882765288857,,
White,2020-06-04,RACE,10736,0.427388535031847,,
Black or African American,2020-06-04,RACE,5551,0.220979299363057,,
Asian,2020-06-04,RACE,427,0.0169984076433121,,
Other/Multiracial,2020-06-04,RACE,3613,0.143829617834395,,
Pending,2020-06-04,RACE,4793,0.190804140127389,,
Not Hispanic or Latino,2020-06-04,ETHNICITY,12130,0.482882165605096,,
Hispanic,2020-06-04,ETHNICITY,5773,0.229816878980892,,
Pending,2020-06-04,ETHNICITY,7217,0.287300955414013,,
Female,2020-06-04,SEX,10527,0.41906847133758,,
Male,2020-06-04,SEX,13617,0.542078025477707,,
Pending,2020-06-04,SEX,976,0.0388535031847134,,
White,2020-06-05,RACE,10989,0.430603448275862,,
Black or African American,2020-06-05,RACE,5717,0.224020376175549,,
Asian,2020-06-05,RACE,434,0.0170062695924765,,
Other/Multiracial,2020-06-05,RACE,3666,0.143652037617555,,
Pending,2020-06-05,RACE,4714,0.184717868338558,,
Not Hispanic or Latino,2020-06-05,ETHNICITY,12365,0.484521943573668,,
Hispanic,2020-06-05,ETHNICITY,5972,0.234012539184953,,
Pending,2020-06-05,ETHNICITY,7183,0.281465517241379,,
Female,2020-06-05,SEX,10742,0.420924764890282,,
Male,2020-06-05,SEX,13819,0.541496865203762,,
Pending,2020-06-05,SEX,959,0.0375783699059561,,
White,2020-06-06,RACE,11179,0.428790610256607,,
Black or African American,2020-06-06,RACE,5784,0.221855701737563,,
Asian,2020-06-06,RACE,439,0.0168386329638295,,
Other/Multiracial,2020-06-06,RACE,3833,0.147021594875532,,
Pending,2020-06-06,RACE,4836,0.185493460166468,,
Not Hispanic or Latino,2020-06-06,ETHNICITY,12534,0.480764067354532,,
Hispanic,2020-06-06,ETHNICITY,6149,0.235855931878332,,
Pending,2020-06-06,ETHNICITY,7388,0.283380000767136,,
Female,2020-06-06,SEX,11003,0.422039814353113,,
Male,2020-06-06,SEX,14108,0.541137662536918,,
Pending,2020-06-06,SEX,960,0.0368225231099689,,
White,2020-06-07,RACE,11315,0.428907168037603,,
Black or African American,2020-06-07,RACE,5858,0.222053750805504,,
Asian,2020-06-07,RACE,441,0.0167165763238695,,
Other/Multiracial,2020-06-07,RACE,3837,0.145445585838293,,
Pending,2020-06-07,RACE,4930,0.186876918994731,,
Not Hispanic or Latino,2020-06-07,ETHNICITY,12673,0.480383609415867,,
Hispanic,2020-06-07,ETHNICITY,6273,0.237784769341572,,
Pending,2020-06-07,ETHNICITY,7435,0.281831621242561,,
Female,2020-06-07,SEX,11155,0.422842197035745,,
Male,2020-06-07,SEX,14268,0.540843789090633,,
Pending,2020-06-07,SEX,958,0.0363140138736212,,
White,2020-06-08,RACE,11451,0.42499257719715,,
Black or African American,2020-06-08,RACE,5915,0.219529394299287,,
Asian,2020-06-08,RACE,451,0.0167384204275534,,
Other/Multiracial,2020-06-08,RACE,3926,0.145709619952494,,
Pending,2020-06-08,RACE,5201,0.193029988123515,,
Not Hispanic or Latino,2020-06-08,ETHNICITY,12811,0.475467636579572,,
Hispanic,2020-06-08,ETHNICITY,6400,0.237529691211401,,
Pending,2020-06-08,ETHNICITY,7733,0.287002672209026,,
Female,2020-06-08,SEX,11430,0.424213182897862,,
Male,2020-06-08,SEX,14545,0.539823337292161,,
Pending,2020-06-08,SEX,969,0.0359634798099762,,
White,2020-06-09,RACE,11778,0.427126019945603,,
Black or African American,2020-06-09,RACE,6052,0.21947416137806,,
Asian,2020-06-09,RACE,457,0.016572982774252,,
Other/Multiracial,2020-06-09,RACE,4091,0.148359020852221,,
Pending,2020-06-09,RACE,5197,0.188467815049864,,
Not Hispanic or Latino,2020-06-09,ETHNICITY,13126,0.476010879419764,,
Hispanic,2020-06-09,ETHNICITY,6693,0.24271985494107,,
Pending,2020-06-09,ETHNICITY,7756,0.281269265639166,,
Female,2020-06-09,SEX,11756,0.426328195829556,,
Male,2020-06-09,SEX,14858,0.538821396192203,,
Pending,2020-06-09,SEX,961,0.0348504079782412,,
White,2020-06-10,RACE,12004,0.430729484373318,,
Black or African American,2020-06-10,RACE,6185,0.221931178011411,,
Asian,2020-06-10,RACE,461,0.0165416771322975,,
Other/Multiracial,2020-06-10,RACE,4213,0.151171552621192,,
Pending,2020-06-10,RACE,5006,0.179626107861782,,
Not Hispanic or Latino,2020-06-10,ETHNICITY,13402,0.480892748214862,,
Hispanic,2020-06-10,ETHNICITY,6933,0.248771035918045,,
Pending,2020-06-10,ETHNICITY,7534,0.270336215867092,,
Female,2020-06-10,SEX,11929,0.428038322150059,,
Male,2020-06-10,SEX,14992,0.537945387347949,,
Pending,2020-06-10,SEX,948,0.0340162905019915,,
White,2020-06-11,RACE,12204,0.430628087508821,,
Black or African American,2020-06-11,RACE,6319,0.222971065631616,,
Asian,2020-06-11,RACE,464,0.0163726182074806,,
Other/Multiracial,2020-06-11,RACE,4379,0.154516584333098,,
Pending,2020-06-11,RACE,4974,0.175511644318984,,
Not Hispanic or Latino,2020-06-11,ETHNICITY,13686,0.482921665490473,,
Hispanic,2020-06-11,ETHNICITY,7184,0.253493295695131,,
Pending,2020-06-11,ETHNICITY,7470,0.263585038814397,,
Female,2020-06-11,SEX,12143,0.428475652787579,,
Male,2020-06-11,SEX,15272,0.538884968242766,,
Pending,2020-06-11,SEX,925,0.0326393789696542,,
White,2020-06-12,RACE,12617,0.433186843370185,,
Black or African American,2020-06-12,RACE,6396,0.219597610382476,,
Asian,2020-06-12,RACE,467,0.0160337842477512,,
Other/Multiracial,2020-06-12,RACE,4579,0.157213486232232,,
Pending,2020-06-12,RACE,5067,0.173968275767356,,
Not Hispanic or Latino,2020-06-12,ETHNICITY,14045,0.482215202911488,,
Hispanic,2020-06-12,ETHNICITY,7479,0.256780883059809,,
Pending,2020-06-12,ETHNICITY,7602,0.261003914028703,,
Female,2020-06-12,SEX,12485,0.428654810135274,,
Male,2020-06-12,SEX,15684,0.538487948911625,,
Pending,2020-06-12,SEX,957,0.0328572409531003,,
White,2020-06-13,RACE,12842,0.434717849768119,,
Black or African American,2020-06-13,RACE,6500,0.220033174232423,,
Asian,2020-06-13,RACE,467,0.0158085372871602,,
Other/Multiracial,2020-06-13,RACE,4720,0.159777935750313,,
Pending,2020-06-13,RACE,5012,0.169662502961985,,
Not Hispanic or Latino,2020-06-13,ETHNICITY,14310,0.484411495887072,,
Hispanic,2020-06-13,ETHNICITY,7690,0.260316170745743,,
Pending,2020-06-13,ETHNICITY,7541,0.255272333367185,,
Female,2020-06-13,SEX,12689,0.429538607359263,,
Male,2020-06-13,SEX,15903,0.538336549202803,,
Pending,2020-06-13,SEX,949,0.0321248434379337,,
White,2020-06-14,RACE,12989,0.426820452155626,,
Black or African American,2020-06-14,RACE,6570,0.215891167192429,,
Asian,2020-06-14,RACE,469,0.0154114090431125,,
Other/Multiracial,2020-06-14,RACE,4893,0.160784700315457,,
Pending,2020-06-14,RACE,5511,0.181092271293375,,
Not Hispanic or Latino,2020-06-14,ETHNICITY,14474,0.475617770767613,,
Hispanic,2020-06-14,ETHNICITY,7817,0.256867770767613,,
Pending,2020-06-14,ETHNICITY,8141,0.267514458464774,,
Female,2020-06-14,SEX,13105,0.430632229232387,,
Male,2020-06-14,SEX,16357,0.537493427970557,,
Pending,2020-06-14,SEX,970,0.0318743427970557,,
White,2020-06-15,RACE,13117,0.420956354300385,,
Black or African American,2020-06-15,RACE,6632,0.212836970474968,,
Asian,2020-06-15,RACE,472,0.0151476251604621,,
Other/Multiracial,2020-06-15,RACE,4960,0.159178433889602,,
Pending,2020-06-15,RACE,5979,0.191880616174583,,
Not Hispanic or Latino,2020-06-15,ETHNICITY,14622,0.469255455712452,,
Hispanic,2020-06-15,ETHNICITY,7995,0.256578947368421,,
Pending,2020-06-15,ETHNICITY,8543,0.274165596919127,,
Female,2020-06-15,SEX,13483,0.432702182284981,,
Male,2020-06-15,SEX,16695,0.535783055198973,,
Pending,2020-06-15,SEX,982,0.0315147625160462,,
White,2020-06-16,RACE,13346,0.419289978008168,,
Black or African American,2020-06-16,RACE,6712,0.210870248193528,,
Asian,2020-06-16,RACE,484,0.015205780710022,,
Other/Multiracial,2020-06-16,RACE,5072,0.159346528432297,,
Pending,2020-06-16,RACE,6216,0.195287464655985,,
Not Hispanic or Latino,2020-06-16,ETHNICITY,14875,0.467326421614829,,
Hispanic,2020-06-16,ETHNICITY,8242,0.258938108702482,,
Pending,2020-06-16,ETHNICITY,8713,0.273735469682689,,
Female,2020-06-16,SEX,13793,0.433333333333333,,
Male,2020-06-16,SEX,17049,0.535626767200754,,
Pending,2020-06-16,SEX,988,0.0310398994659127,,
White,2020-06-17,RACE,13596,0.422984786734281,,
Black or African American,2020-06-17,RACE,6801,0.211585726285661,,
Asian,2020-06-17,RACE,487,0.0151510437731388,,
Other/Multiracial,2020-06-17,RACE,5209,0.162057057524189,,
Pending,2020-06-17,RACE,6050,0.18822138568273,,
Not Hispanic or Latino,2020-06-17,ETHNICITY,15125,0.470553464206826,,
Hispanic,2020-06-17,ETHNICITY,8484,0.263945493575584,,
Pending,2020-06-17,ETHNICITY,8534,0.26550104221759,,
Female,2020-06-17,SEX,13957,0.434215847929565,,
Male,2020-06-17,SEX,17211,0.535450953551318,,
Pending,2020-06-17,SEX,975,0.0303331985191177,,
White,2020-06-18,RACE,13903,0.42349751743885,,
Black or African American,2020-06-18,RACE,6895,0.210027719394438,,
Asian,2020-06-18,RACE,492,0.0149867495202412,,
Other/Multiracial,2020-06-18,RACE,5360,0.163270279326205,,
Pending,2020-06-18,RACE,6179,0.188217734320266,,
Not Hispanic or Latino,2020-06-18,ETHNICITY,15335,0.467117487587194,,
Hispanic,2020-06-18,ETHNICITY,8748,0.266471717079411,,
Pending,2020-06-18,ETHNICITY,8746,0.266410795333394,,
Female,2020-06-18,SEX,14268,0.434615736086996,,
Male,2020-06-18,SEX,17572,0.535258460507478,,
Pending,2020-06-18,SEX,989,0.0301258034055256,,
White,2020-06-19,RACE,14235,0.41846723696975,,
Black or African American,2020-06-19,RACE,7075,0.207984243172531,,
Asian,2020-06-19,RACE,501,0.0147279301525708,,
Other/Multiracial,2020-06-19,RACE,5525,0.162418790604698,,
Pending,2020-06-19,RACE,6681,0.19640179910045,,
Not Hispanic or Latino,2020-06-19,ETHNICITY,15739,0.462680424493636,,
Hispanic,2020-06-19,ETHNICITY,9001,0.264602992621336,,
Pending,2020-06-19,ETHNICITY,9277,0.272716582885028,,
Female,2020-06-19,SEX,14832,0.43601728547491,,
Male,2020-06-19,SEX,18180,0.534438663021431,,
Pending,2020-06-19,SEX,1005,0.0295440515036599,,
White,2020-06-20,RACE,14477,0.420281019566858,,
Black or African American,2020-06-20,RACE,7218,0.209545375370145,,
Asian,2020-06-20,RACE,503,0.0146025663357139,,
Other/Multiracial,2020-06-20,RACE,5679,0.164866747953318,,
Pending,2020-06-20,RACE,6569,0.190704290773965,,
Not Hispanic or Latino,2020-06-20,ETHNICITY,16028,0.465308018347558,,
Hispanic,2020-06-20,ETHNICITY,9257,0.268739476281716,,
Pending,2020-06-20,ETHNICITY,9161,0.265952505370725,,
Female,2020-06-20,SEX,15058,0.437147999767752,,
Male,2020-06-20,SEX,18396,0.534053300818673,,
Pending,2020-06-20,SEX,992,0.0287986994135749,,
White,2020-06-21,RACE,14657,0.417554555295995,,
Black or African American,2020-06-21,RACE,7312,0.208307218961883,,
Asian,2020-06-21,RACE,512,0.0145860634721668,,
Other/Multiracial,2020-06-21,RACE,5779,0.164634493761039,,
Pending,2020-06-21,RACE,6842,0.194917668508917,,
Not Hispanic or Latino,2020-06-21,ETHNICITY,16254,0.463050538430859,,
Hispanic,2020-06-21,ETHNICITY,9404,0.267904962680189,,
Pending,2020-06-21,ETHNICITY,9444,0.269044498888952,,
Female,2020-06-21,SEX,15383,0.438237137485044,,
Male,2020-06-21,SEX,18727,0.533502364537633,,
Pending,2020-06-21,SEX,992,0.0282604979773232,,
White,2020-06-22,RACE,14869,0.418220684611706,,
Black or African American,2020-06-22,RACE,7404,0.208252468146148,,
Asian,2020-06-22,RACE,520,0.0146260512474334,,
Other/Multiracial,2020-06-22,RACE,5902,0.166005681658369,,
Pending,2020-06-22,RACE,6858,0.192895114336343,,
Not Hispanic or Latino,2020-06-22,ETHNICITY,16489,0.463786459651787,,
Hispanic,2020-06-22,ETHNICITY,9594,0.269850645515146,,
Pending,2020-06-22,ETHNICITY,9470,0.266362894833066,,
Female,2020-06-22,SEX,15610,0.439062807639299,,
Male,2020-06-22,SEX,18954,0.533119567968948,,
Pending,2020-06-22,SEX,989,0.0278176243917532,,
White,2020-06-23,RACE,15690,0.432195686306917,,
Black or African American,2020-06-23,RACE,8010,0.220642922072556,,
Asian,2020-06-23,RACE,523,0.0144065228768972,,
Other/Multiracial,2020-06-23,RACE,6208,0.171005151089442,,
Pending,2020-06-23,RACE,5872,0.161749717654188,,
Not Hispanic or Latino,2020-06-23,ETHNICITY,18628,0.513125636999697,,
Hispanic,2020-06-23,ETHNICITY,9927,0.273448475332617,,
Pending,2020-06-23,ETHNICITY,7748,0.213425887667686,,
Female,2020-06-23,SEX,15990,0.440459466159822,,
Male,2020-06-23,SEX,19319,0.532159876594221,,
Pending,2020-06-23,SEX,994,0.0273806572459576,,
White,2020-06-24,RACE,15994,0.429542097488922,,
Black or African American,2020-06-24,RACE,8117,0.21799382301598,,
Asian,2020-06-24,RACE,528,0.0141802067946824,,
Other/Multiracial,2020-06-24,RACE,6368,0.171021888008594,,
Pending,2020-06-24,RACE,6228,0.167261984691822,,
Not Hispanic or Latino,2020-06-24,ETHNICITY,18929,0.508365784879817,,
Hispanic,2020-06-24,ETHNICITY,10177,0.273318114677051,,
Pending,2020-06-24,ETHNICITY,8129,0.218316100443131,,
Female,2020-06-24,SEX,16443,0.441600644554854,,
Male,2020-06-24,SEX,19794,0.531596616087015,,
Pending,2020-06-24,SEX,998,0.0268027393581308,,
White,2020-06-25,RACE,16340,0.429615607088395,327.0,0.576
Black or African American,2020-06-25,RACE,8235,0.216516800757217,193.0,0.34
Asian,2020-06-25,RACE,537,0.0141189462060262,11.0,0.019
American Indian or Alaska Native,2020-06-25,RACE,61,0.00160382815375716,1.0,0.001
Native Hawaiian or Other Pacific Islander,2020-06-25,RACE,39,0.00102539832781196,1.0,0.001
Other/Multiracial,2020-06-25,RACE,6448,0.169532523531577,32.0,0.056
Pending,2020-06-25,RACE,6374,0.167586895935216,2.0,0.003
Not Hispanic or Latino,2020-06-25,ETHNICITY,19236,0.505758005994636,515.0,0.908
Hispanic,2020-06-25,ETHNICITY,10358,0.27233527896093,49.0,0.086
Pending,2020-06-25,ETHNICITY,8440,0.221906715044434,3.0,0.005
Female,2020-06-25,SEX,16840,0.44276173949624,256.0,0.451
Male,2020-06-25,SEX,20181,0.530604196245465,311.0,0.548
Pending,2020-06-25,SEX,1013,0.0266340642582952,0.0,0.0
White,2020-06-26,RACE,16774,0.42526112970287,333.0,0.577
Black or African American,2020-06-26,RACE,8390,0.212706622046446,198.0,0.343
Asian,2020-06-26,RACE,544,0.0137917046952642,11.0,0.019
American Indian or Alaska Native,2020-06-26,RACE,60,0.00152114390021296,0.0,0.0
Native Hawaiian or Other Pacific Islander,2020-06-26,RACE,39,0.000988743535138424,1.0,0.001
Other/Multiracial,2020-06-26,RACE,6592,0.167123009836731,32.0,0.055
Pending,2020-06-26,RACE,7045,0.178607646283338,2.0,0.003
Not Hispanic or Latino,2020-06-26,ETHNICITY,19673,0.498757732481493,525.0,0.909
Hispanic,2020-06-26,ETHNICITY,10644,0.269850927897779,49.0,0.084
Pending,2020-06-26,ETHNICITY,9127,0.231391339620728,3.0,0.005
Female,2020-06-26,SEX,17518,0.444123314065511,261.0,0.452
Male,2020-06-26,SEX,20867,0.529028496095731,316.0,0.547
Pending,2020-06-26,SEX,1059,0.0268481898387587,0.0,0.0
White,2020-06-27,RACE,17261,0.42967738723489,335.0,0.573
Black or African American,2020-06-27,RACE,8549,0.212809917355372,201.0,0.344
Asian,2020-06-27,RACE,556,0.0138404859105845,11.0,0.018
American Indian or Alaska Native,2020-06-27,RACE,61,0.00151847057652096,0.0,0.0
Native Hawaiian or Other Pacific Islander,2020-06-27,RACE,40,0.000995718410833416,1.0,0.001
Other/Multiracial,2020-06-27,RACE,6743,0.167853231106243,34.0,0.058
Pending,2020-06-27,RACE,6962,0.173304789405556,2.0,0.003
Not Hispanic or Latino,2020-06-27,ETHNICITY,20187,0.502514188987354,527.0,0.902
Hispanic,2020-06-27,ETHNICITY,10928,0.272030269839689,51.0,0.087
Pending,2020-06-27,ETHNICITY,9057,0.225455541172956,6.0,0.01
Female,2020-06-27,SEX,17865,0.444712735238475,263.0,0.45
Male,2020-06-27,SEX,21224,0.528328188788211,321.0,0.549
Pending,2020-06-27,SEX,1083,0.0269590759733147,0.0,0.0
White,2020-06-29,RACE,17771,0.420148001040263,338.0,0.57
Black or African American,2020-06-29,RACE,8872,0.209754828947679,206.0,0.347
Asian,2020-06-29,RACE,578,0.0136652717686834,11.0,0.018
American Indian or Alaska Native,2020-06-29,RACE,60,0.00141854032200865,0.0,0.0
Native Hawaiian or Other Pacific Islander,2020-06-29,RACE,41,0.000969335886705913,1.0,0.001
Other/Multiracial,2020-06-29,RACE,7003,0.16556729791711,34.0,0.057
Pending,2020-06-29,RACE,7972,0.18847672411755,2.0,0.003
Not Hispanic or Latino,2020-06-29,ETHNICITY,20789,0.491500579237298,535.0,0.903
Hispanic,2020-06-29,ETHNICITY,11204,0.264888762796416,51.0,0.086
Pending,2020-06-29,ETHNICITY,10304,0.243610657966286,6.0,0.01
Female,2020-06-29,SEX,18996,0.44910986594794,266.0,0.449
Male,2020-06-29,SEX,22213,0.525167269546304,326.0,0.55
Pending,2020-06-29,SEX,1088,0.0257228645057569,0.0,0.0
White,2020-06-30,RACE,18255,0.419568365165828,342.0,0.566
Black or African American,2020-06-30,RACE,9048,0.207956974419086,212.0,0.35
Asian,2020-06-30,RACE,586,0.0134684777862052,11.0,0.018
American Indian or Alaska Native,2020-06-30,RACE,61,0.00140200877979269,0.0,0.0
Native Hawaiian or Other Pacific Islander,2020-06-30,RACE,42,0.000965317520512997,1.0,0.001
Other/Multiracial,2020-06-30,RACE,7124,0.163736238479395,36.0,0.059
Pending,2020-06-30,RACE,8393,0.192902617849181,2.0,0.003
Not Hispanic or Latino,2020-06-30,ETHNICITY,21357,0.490863959180859,544.0,0.9
Hispanic,2020-06-30,ETHNICITY,11445,0.263049024339792,53.0,0.087
Pending,2020-06-30,ETHNICITY,10707,0.246087016479349,7.0,0.011
Female,2020-06-30,SEX,19569,0.449769013307592,270.0,0.447
Male,2020-06-30,SEX,22837,0.524879909903698,334.0,0.552
Pending,2020-06-30,SEX,1103,0.0253510767887104,0.0,0.0
White,2020-07-01,RACE,19194,0.423568354849388,344.0,0.564
Black or African American,2020-07-01,RACE,9676,0.213527529515613,215.0,0.353
Asian,2020-07-01,RACE,598,0.0131965132958182,11.0,0.018
American Indian or Alaska Native,2020-07-01,RACE,72,0.0015888778550149,0.0,0.0
Native Hawaiian or Other Pacific Islander,2020-07-01,RACE,42,0.000926845415425356,1.0,0.001
Other/Multiracial,2020-07-01,RACE,7574,0.167141123248372,36.0,0.059
Pending,2020-07-01,RACE,8159,0.180050755820369,2.0,0.003
Not Hispanic or Latino,2020-07-01,ETHNICITY,22938,0.506190003310162,552.0,0.906
Hispanic,2020-07-01,ETHNICITY,11729,0.258832616131524,53.0,0.087
Pending,2020-07-01,ETHNICITY,10648,0.234977380558314,4.0,0.006
Female,2020-07-01,SEX,20518,0.452786053183273,272.0,0.446
Male,2020-07-01,SEX,23857,0.526470263709588,337.0,0.553
Pending,2020-07-01,SEX,940,0.0207436831071389,0.0,0.0
White,2020-07-02,RACE,19775,0.421731712518661,351.0,0.566
Black or African American,2020-07-02,RACE,9850,0.210066112177437,217.0,0.35
Asian,2020-07-02,RACE,615,0.0131158029430582,11.0,0.017
American Indian or Alaska Native,2020-07-02,RACE,72,0.00153550863723608,0.0,0.0
Native Hawaiian or Other Pacific Islander,2020-07-02,RACE,45,0.000959692898272553,1.0,0.001
Other/Multiracial,2020-07-02,RACE,7751,0.165301770100235,36.0,0.058
Pending,2020-07-02,RACE,8782,0.187289400725101,4.0,0.006
Not Hispanic or Latino,2020-07-02,ETHNICITY,23502,0.501215611004479,560.0,0.903
Hispanic,2020-07-02,ETHNICITY,11929,0.254403924077629,54.0,0.087
Pending,2020-07-02,ETHNICITY,11459,0.244380464917893,6.0,0.009
Female,2020-07-02,SEX,21332,0.454937086798891,277.0,0.446
Male,2020-07-02,SEX,24612,0.524888035828535,342.0,0.551
Pending,2020-07-02,SEX,946,0.0201748773725741,1.0,0.001
White,2020-07-03,RACE,20445,0.419711775332567,356.0,0.562
Black or African American,2020-07-03,RACE,10097,0.207279520446707,221.0,0.349
Asian,2020-07-03,RACE,625,0.0128305140417146,11.0,0.017
American Indian or Alaska Native,2020-07-03,RACE,71,0.00145754639513877,0.0,0.0
Native Hawaiian or Other Pacific Islander,2020-07-03,RACE,46,0.000944325833470192,1.0,0.001
Other/Multiracial,2020-07-03,RACE,8004,0.164312695023813,39.0,0.061
Pending,2020-07-03,RACE,9424,0.193463622926589,5.0,0.007
Not Hispanic or Latino,2020-07-03,ETHNICITY,24213,0.497064378387256,570.0,0.9
Hispanic,2020-07-03,ETHNICITY,12146,0.249343077681064,57.0,0.09
Pending,2020-07-03,ETHNICITY,12353,0.25359254393168,6.0,0.009
Female,2020-07-03,SEX,22246,0.456684184595172,283.0,0.447
Male,2020-07-03,SEX,25517,0.523833962883889,349.0,0.551
Pending,2020-07-03,SEX,949,0.0194818525209394,1.0,0.001
White,2020-07-04,RACE,20861,0.41605504587156,357.0,0.56
Black or African American,2020-07-04,RACE,10343,0.206282409254089,223.0,0.35
Asian,2020-07-04,RACE,628,0.0125249301954527,11.0,0.017
American Indian or Alaska Native,2020-07-04,RACE,72,0.00143597925807738,0.0,0.0
Native Hawaiian or Other Pacific Islander,2020-07-04,RACE,48,0.000957319505384922,1.0,0.001
Other/Multiracial,2020-07-04,RACE,8172,0.162983645791783,39.0,0.061
Pending,2020-07-04,RACE,10016,0.199760670123654,6.0,0.009
Not Hispanic or Latino,2020-07-04,ETHNICITY,24760,0.493817311527722,573.0,0.899
Hispanic,2020-07-04,ETHNICITY,12285,0.245013960909454,57.0,0.089
Pending,2020-07-04,ETHNICITY,13095,0.261168727562824,7.0,0.01
Female,2020-07-04,SEX,22980,0.458316713203032,285.0,0.447
Male,2020-07-04,SEX,26209,0.52271639409653,351.0,0.551
Pending,2020-07-04,SEX,951,0.0189668927004388,1.0,0.001
White,2020-07-05,RACE,21111,0.410472283253291,361.0,0.558
Black or African American,2020-07-05,RACE,10459,0.203359841340826,228.0,0.352
Asian,2020-07-05,RACE,632,0.0122883086076491,11.0,0.017
American Indian or Alaska Native,2020-07-05,RACE,72,0.00139993389201066,0.0,0.0
Native Hawaiian or Other Pacific Islander,2020-07-05,RACE,48,0.000933289261340437,1.0,0.001
Other/Multiracial,2020-07-05,RACE,8266,0.160720188213334,39.0,0.06
Pending,2020-07-05,RACE,10843,0.210826155431549,6.0,0.009
Not Hispanic or Latino,2020-07-05,ETHNICITY,24993,0.485952052264199,579.0,0.896
Hispanic,2020-07-05,ETHNICITY,12392,0.240944177636056,58.0,0.089
Pending,2020-07-05,ETHNICITY,14046,0.273103770099745,9.0,0.013
Female,2020-07-05,SEX,23617,0.459197760105773,288.0,0.445
Male,2020-07-05,SEX,26861,0.522272559351364,358.0,0.554
Pending,2020-07-05,SEX,953,0.0185296805428633,0.0,0.0
White,2020-07-06,RACE,21497,0.41217524686032,366.0,0.56
Black or African American,2020-07-06,RACE,10640,0.204007285974499,231.0,0.353
Asian,2020-07-06,RACE,639,0.0122519413287317,11.0,0.016
American Indian or Alaska Native,2020-07-06,RACE,72,0.00138050043140638,0.0,0.0
Native Hawaiian or Other Pacific Islander,2020-07-06,RACE,48,0.00092033362093759,1.0,0.001
Other/Multiracial,2020-07-06,RACE,8449,0.161997890902119,38.0,0.058
Pending,2020-07-06,RACE,10810,0.207266800881986,6.0,0.009
Not Hispanic or Latino,2020-07-06,ETHNICITY,25506,0.489042277825712,585.0,0.895
Hispanic,2020-07-06,ETHNICITY,12524,0.240130380596299,57.0,0.087
Pending,2020-07-06,ETHNICITY,14125,0.270827341577989,11.0,0.016
Female,2020-07-06,SEX,23986,0.459898379829355,291.0,0.445
Male,2020-07-06,SEX,27203,0.521579906049276,362.0,0.554
Pending,2020-07-06,SEX,966,0.018521714121369,0.0,0.0
White,2020-07-07,RACE,22175,0.414377546062713,372.0,0.559
Black or African American,2020-07-07,RACE,10872,0.203161789438278,234.0,0.351
Asian,2020-07-07,RACE,663,0.0123892813095639,12.0,0.018
American Indian or Alaska Native,2020-07-07,RACE,71,0.00132675561535299,0.0,0.0
Native Hawaiian or Other Pacific Islander,2020-07-07,RACE,48,0.000896961542773854,1.0,0.001
Other/Multiracial,2020-07-07,RACE,8571,0.160163695481556,39.0,0.058
Pending,2020-07-07,RACE,11114,0.207683970549763,7.0,0.01
Not Hispanic or Latino,2020-07-07,ETHNICITY,26246,0.49045109690922,595.0,0.894
Hispanic,2020-07-07,ETHNICITY,12723,0.237750868931495,58.0,0.087
Pending,2020-07-07,ETHNICITY,14545,0.271798034159285,12.0,0.018
Female,2020-07-07,SEX,24706,0.461673580745226,295.0,0.443
Male,2020-07-07,SEX,27832,0.520088201218373,370.0,0.556
Pending,2020-07-07,SEX,976,0.0182382180364017,0.0,0.0
White,2020-07-08,RACE,23336,0.41681849033687,386.0,0.563
Black or African American,2020-07-08,RACE,11560,0.206480191476441,241.0,0.351
Asian,2020-07-08,RACE,677,0.0120923087914836,12.0,0.017
American Indian or Alaska Native,2020-07-08,RACE,78,0.0013932054442182,0.0,0.0
Native Hawaiian or Other Pacific Islander,2020-07-08,RACE,48,0.000857357196441968,1.0,0.001
Other/Multiracial,2020-07-08,RACE,8978,0.160361518951166,40.0,0.058
Pending,2020-07-08,RACE,11309,0.201996927803379,5.0,0.007
Not Hispanic or Latino,2020-07-08,ETHNICITY,28390,0.507091058478905,616.0,0.899
Hispanic,2020-07-08,ETHNICITY,13088,0.23377272889651,61.0,0.089
Pending,2020-07-08,ETHNICITY,14508,0.259136212624585,8.0,0.011
Female,2020-07-08,SEX,25996,0.464330368306362,305.0,0.445
Male,2020-07-08,SEX,28997,0.517933054692244,380.0,0.554
Pending,2020-07-08,SEX,993,0.0177365770013932,0.0,0.0
White,2020-07-09,RACE,24113,0.418693893143026,397.0,0.559
Black or African American,2020-07-09,RACE,11825,0.205327221267212,249.0,0.35
Asian,2020-07-09,RACE,688,0.0119463110555469,13.0,0.018
American Indian or Alaska Native,2020-07-09,RACE,78,0.00135437828827421,0.0,0.0
Native Hawaiian or Other Pacific Islander,2020-07-09,RACE,50,0.000868191210432186,1.0,0.001
Other/Multiracial,2020-07-09,RACE,9149,0.158861627684881,45.0,0.063
Pending,2020-07-09,RACE,11688,0.202948377350628,5.0,0.007
Not Hispanic or Latino,2020-07-09,ETHNICITY,29105,0.505374103592575,633.0,0.891
Hispanic,2020-07-09,ETHNICITY,13253,0.230122762237155,66.0,0.092
Pending,2020-07-09,ETHNICITY,15233,0.26450313417027,11.0,0.015
Female,2020-07-09,SEX,26799,0.465333124967443,312.0,0.439
Male,2020-07-09,SEX,29784,0.517164140230244,398.0,0.56
Pending,2020-07-09,SEX,1008,0.0175027348023129,0.0,0.0
White,2020-07-10,RACE,24754,0.415712222483458,402.0,0.556
Black or African American,2020-07-10,RACE,12100,0.203204245457294,258.0,0.356
Asian,2020-07-10,RACE,694,0.0116548550700299,12.0,0.016
American Indian or Alaska Native,2020-07-10,RACE,78,0.00130991166493131,0.0,0.0
Native Hawaiian or Other Pacific Islander,2020-07-10,RACE,53,0.000890068182581534,1.0,0.001
Other/Multiracial,2020-07-10,RACE,9311,0.156366506566352,46.0,0.063
Pending,2020-07-10,RACE,12556,0.210862190575354,4.0,0.005
Not Hispanic or Latino,2020-07-10,ETHNICITY,29947,0.502922110637154,644.0,0.89
Hispanic,2020-07-10,ETHNICITY,13478,0.226346018204413,67.0,0.092
Pending,2020-07-10,ETHNICITY,16121,0.270731871158432,12.0,0.016
Female,2020-07-10,SEX,27766,0.46629496523696,319.0,0.441
Male,2020-07-10,SEX,30778,0.516877707990461,404.0,0.558
Pending,2020-07-10,SEX,1002,0.0168273267725792,0.0,0.0
White,2020-07-11,RACE,25559,0.418958790938596,411.0,0.556
Black or African American,2020-07-11,RACE,12323,0.201996524931974,261.0,0.353
Asian,2020-07-11,RACE,705,0.0115562403697997,12.0,0.016
American Indian or Alaska Native,2020-07-11,RACE,78,0.00127856276431826,0.0,0.0
Native Hawaiian or Other Pacific Islander,2020-07-11,RACE,56,0.000917942497459266,1.0,0.001
Other/Multiracial,2020-07-11,RACE,9498,0.155689604301216,49.0,0.066
Pending,2020-07-11,RACE,12787,0.209602334196636,4.0,0.005
Not Hispanic or Latino,2020-07-11,ETHNICITY,30822,0.505228993869455,657.0,0.89
Hispanic,2020-07-11,ETHNICITY,13706,0.224666426253155,72.0,0.097
Pending,2020-07-11,ETHNICITY,16478,0.270104579877389,9.0,0.012
Female,2020-07-11,SEX,28552,0.468019539061732,325.0,0.44
Male,2020-07-11,SEX,31451,0.51553945513556,413.0,0.559
Pending,2020-07-11,SEX,1003,0.0164410058027079,0.0,0.0
White,2020-07-12,RACE,25886,0.417785668173015,413.0,0.557
Black or African American,2020-07-12,RACE,12551,0.202566171723693,263.0,0.354
Asian,2020-07-12,RACE,710,0.0114590058102001,12.0,0.016
American Indian or Alaska Native,2020-07-12,RACE,78,0.0012588766946417,0.0,0.0
Native Hawaiian or Other Pacific Islander,2020-07-12,RACE,56,0.000903808908973531,1.0,0.001
Other/Multiracial,2020-07-12,RACE,9635,0.155503550677857,49.0,0.066
Pending,2020-07-12,RACE,13044,0.21052291801162,3.0,0.004
Not Hispanic or Latino,2020-07-12,ETHNICITY,31367,0.506245965138799,660.0,0.89
Hispanic,2020-07-12,ETHNICITY,13846,0.223466752743706,72.0,0.097
Pending,2020-07-12,ETHNICITY,16747,0.270287282117495,9.0,0.012
Female,2020-07-12,SEX,29033,0.468576500968367,327.0,0.441
Male,2020-07-12,SEX,31935,0.515413169786959,414.0,0.558
Pending,2020-07-12,SEX,992,0.016010329244674,0.0,0.0
White,2020-07-13,RACE,26607,0.407620185678831,415.0,0.554
Black or African American,2020-07-13,RACE,12883,0.197368017893802,266.0,0.355
Asian,2020-07-13,RACE,721,0.0110457456261299,12.0,0.016
American Indian or Alaska Native,2020-07-13,RACE,83,0.00127156295002604,0.0,0.0
Native Hawaiian or Other Pacific Islander,2020-07-13,RACE,56,0.000857921990379018,1.0,0.001
Other/Multiracial,2020-07-13,RACE,10012,0.153384195851334,49.0,0.065
Pending,2020-07-13,RACE,14912,0.228452370009498,6.0,0.008
Not Hispanic or Latino,2020-07-13,ETHNICITY,31976,0.489873456506419,666.0,0.889
Hispanic,2020-07-13,ETHNICITY,13963,0.213913656279683,73.0,0.097
Pending,2020-07-13,ETHNICITY,19335,0.296212887213898,10.0,0.013
Female,2020-07-13,SEX,30763,0.471290253393388,330.0,0.44
Male,2020-07-13,SEX,33486,0.513006710175568,418.0,0.558
Pending,2020-07-13,SEX,1025,0.0157030364310445,1.0,0.001
White,2020-07-14,RACE,27432,0.410732466910223,426.0,0.555
Black or African American,2020-07-14,RACE,13150,0.196891657183925,273.0,0.355
Asian,2020-07-14,RACE,729,0.0109151344552914,12.0,0.015
American Indian or Alaska Native,2020-07-14,RACE,84,0.0012577109660418,0.0,0.0
Native Hawaiian or Other Pacific Islander,2020-07-14,RACE,56,0.000838473977361203,1.0,0.001
Other/Multiracial,2020-07-14,RACE,10157,0.152078217643888,49.0,0.063
Pending,2020-07-14,RACE,15180,0.227286338863269,6.0,0.007
Not Hispanic or Latino,2020-07-14,ETHNICITY,32952,0.493382044678685,679.0,0.885
Hispanic,2020-07-14,ETHNICITY,14228,0.213032281248128,73.0,0.095
Pending,2020-07-14,ETHNICITY,19608,0.293585674073187,15.0,0.019
Female,2020-07-14,SEX,31566,0.472629813738995,336.0,0.438
Male,2020-07-14,SEX,34190,0.511918308678206,430.0,0.56
Pending,2020-07-14,SEX,1032,0.0154518775827993,1.0,0.001
White,2020-07-15,RACE,29104,0.421424537727516,434.0,0.554
Black or African American,2020-07-15,RACE,14151,0.20490580790895,280.0,0.357
Asian,2020-07-15,RACE,741,0.010729644806765,13.0,0.016
American Indian or Alaska Native,2020-07-15,RACE,91,0.00131767567802378,0.0,0.0
Native Hawaiian or Other Pacific Islander,2020-07-15,RACE,57,0.000825357292828079,1.0,0.001
Other/Multiracial,2020-07-15,RACE,10575,0.153125497748367,50.0,0.063
Pending,2020-07-15,RACE,14342,0.207671478837549,5.0,0.006
Not Hispanic or Latino,2020-07-15,ETHNICITY,36013,0.521466529589783,696.0,0.888
Hispanic,2020-07-15,ETHNICITY,14622,0.211725865539161,74.0,0.094
Pending,2020-07-15,ETHNICITY,18426,0.266807604871056,13.0,0.016
Female,2020-07-15,SEX,32788,0.474768682758721,343.0,0.438
Male,2020-07-15,SEX,35230,0.510128726777776,440.0,0.561
Pending,2020-07-15,SEX,1043,0.0151025904635033,0.0,0.0
White,2020-07-16,RACE,30043,0.419946882862734,446.0,0.560301507537688
Black or African American,2020-07-16,RACE,14422,0.201593514117976,282.0,0.35427135678392
Other/Multiracial,2020-07-16,RACE,10850,0.151663405088063,50.0,0.0628140703517588
Asian,2020-07-16,RACE,760,0.0106234274531731,13.0,0.0163316582914573
American Indian or Alaska Native,2020-07-16,RACE,92,0.00128599384959463,0.0,0.0
Native Hawaiian or Other Pacific Islander,2020-07-16,RACE,57,0.000796757058987979,1.0,0.00125628140703518
Pending,2020-07-16,RACE,15316,0.214090019569472,4.0,0.0050251256281407
Not Hispanic or Latino,2020-07-16,ETHNICITY,37000,0.51719317864132,711.0,0.89321608040201
Hispanic,2020-07-16,ETHNICITY,14862,0.207743919485602,75.0,0.0942211055276382
Pending,2020-07-16,ETHNICITY,19678,0.275062901873078,10.0,0.0125628140703518
Female,2020-07-16,SEX,34059,0.476083310036343,350.0,0.439698492462312
Male,2020-07-16,SEX,36423,0.509127760693318,446.0,0.560301507537688
Pending,2020-07-16,SEX,1058,0.0147889292703383,0.0,0.0
